phase,config,workload,concurrency,completed,failed,duration,output_throughput,total_token_throughput,request_throughput,mean_ttft_ms,p50_ttft_ms,p99_ttft_ms,mean_tpot_ms,p50_tpot_ms,p99_tpot_ms,mean_itl_ms,p99_itl_ms,mean_e2el_ms,tok_s_per_user
p1,TP4,rand_1k_1k,1,6,0,74.87826013704762,82.05318858577651,164.10637717155302,0.08013006697829737,164.56299317845455,160.24961246876046,185.3958546940703,12.037990727261134,11.974204093343483,12.320259386864294,12.037990727261136,13.469063770025969,12479.427507166596,83.07034144289614
p1,TP2,rand_1k_1k,1,6,0,98.08364985708613,62.640409578479016,125.28081915695803,0.061172274978983414,243.71469364268705,241.21573148295283,260.29254695167765,15.741222177750657,15.73647317790198,15.783106374791265,15.741222177750654,16.43867042497732,16346.984981481608,63.52746875102522
p1,TP2_PP3,rand_1k_1k,1,6,0,124.8468344080029,49.212301049790646,98.42460209958129,0.04805888774393618,267.2310285076189,258.897076069843,311.68804898043163,20.078495987461114,20.082085400310874,20.13263756114323,20.078495987461114,21.40537477680482,20807.53242368034,49.80452722278069
p1,PP2,rand_1k_1k,1,6,0,162.24401870707516,37.86888446773953,75.73776893547905,0.03698133248802688,435.12930915070075,428.91949496697634,466.660452139331,26.00704984000571,25.99231744867195,26.092664530488936,26.007049840005706,27.104271963471547,27040.341295476537,38.45111253110055
p1,PP3,rand_1k_1k,1,6,0,168.61199487105478,36.43868874630535,72.8773774926107,0.03558465697881382,464.94585343558964,456.427899945993,504.47707362473017,27.015465379776217,27.017458259057022,27.027981589749256,27.015465379776217,28.141823683399707,28101.76693694666,37.015834668856016
p1,PP6,rand_1k_1k,1,6,0,195.83437589206733,31.3734499983099,62.7468999966198,0.030638134763974513,532.6693760192333,510.5140605592169,640.3052294044755,31.38426362707772,31.387650147651687,31.45637066624826,31.38426362707772,34.129718185868114,32638.771066519745,31.863102218438538
p1,TP4,rand_1k_1k,8,24,0,78.2368118360173,314.123229503661,628.246459007322,0.3067609663121689,738.4147001187861,795.6332595204003,1109.682435276918,24.763097607655414,24.725294615850324,25.26340434334208,24.763097607655414,27.235970343463126,26071.063552750275,40.38267004572376
p1,TP2_PP3,rand_1k_1k,8,24,0,105.36413497803733,233.24824908516314,466.4964981703263,0.22778149324722963,1052.6415496278787,1202.410146011971,1343.8831674901303,33.29718092171737,33.411157911484985,34.71019062960342,33.29718092171737,36.486643081298105,35115.65763254475,30.032572497684676
p1,TP2,rand_1k_1k,8,24,0,106.78184801689349,230.15147664528092,460.30295329056185,0.22475730141140715,1133.5334371154506,1292.903661960736,1577.6106262288522,33.67597002195765,33.56376591106451,34.293158332117855,33.675970021957646,36.817721375264234,35584.05076957812,29.694764526395904
p1,PP3,rand_1k_1k,8,24,0,154.1194667899981,159.46071260087507,318.92142520175014,0.15572335214929206,1354.4737148768036,1729.8618394997902,2091.8366155121475,48.8860637164845,48.694113782051225,50.625004780740284,48.8860637164845,51.486211867304526,51364.91689684044,20.455727542301542
p1,PP2,rand_1k_1k,8,24,0,156.02546417003032,157.51275043936454,315.0255008787291,0.15382104535094193,1580.8499521614674,1764.0717480098829,2258.602351156296,49.286074167594556,49.21833289390473,50.93043438393126,49.286074167594556,52.786197531968355,52000.5038256107,20.289706918014115
p1,PP6,rand_1k_1k,8,24,0,159.13362334796693,154.43624975635282,308.87249951270564,0.1508166501526883,1564.1992060215368,1792.135712923482,2203.2365514873527,50.316624559416965,50.239070775651925,51.78631146118875,50.316624559416965,55.81993595231325,53038.106130305096,19.87414713837051
p1,TP4,rand_1k_1k,32,96,0,121.63243050407618,808.2055056583417,1616.4110113166835,0.7892631891194744,1455.17410203441,991.6232459945604,4041.76830878132,38.169833523133335,38.32706587923052,39.343746919108675,38.169833523133335,40.95643022214061,40502.91379619981,26.19869954093294
p1,TP2_PP3,rand_1k_1k,32,96,0,165.2712106560357,594.804138057604,1189.608276115208,0.5808634160718789,1370.1607362236246,1238.2614724920131,2724.9642424751073,52.49236572535591,52.64845028396046,53.537059276639454,52.49236572535591,58.6470866529271,55069.850873262716,19.050389255307653
p1,TP2,rand_1k_1k,32,96,0,178.03471512102988,552.1619754505289,1104.3239509010577,0.5392206791509071,2118.2674298967563,1448.2322994736023,5917.275549023179,55.886189256429766,56.38891412849918,57.53932457468686,55.886189256429766,58.38922135415487,59289.83903922441,17.89350845539981
p1,PP3,rand_1k_1k,32,96,0,255.63704952807166,384.54519867710013,769.0903973542003,0.3755324205831056,2460.6943149907843,2321.6626750072464,4791.29802637035,80.85920815554796,81.22038185042953,82.96558808882193,80.85920815554795,84.05139268143103,85179.66425811635,12.367175276763916
p1,PP2,rand_1k_1k,32,96,0,264.7983758279588,371.2409477309964,742.4818954619928,0.3625399880185512,2712.7749169424837,2465.394131548237,5960.9272591013,83.58488846328267,82.64322194969736,86.7638519521983,83.58488846328267,92.53940140828487,88220.11581488066,11.963885080007996
p1,PP6,rand_1k_1k,32,96,0,272.5712368619861,360.6543417116873,721.3086834233746,0.35220150557781965,1949.0488123701653,1984.5075904740952,3116.7882246372756,86.8862313846058,86.74061542916506,88.4241940727731,86.8862313846058,91.04038434335958,90833.6635188219,11.50930341970358
p1,TP4,sharegpt,1,6,0,26.03695127402898,83.45831188644185,99.8196744559882,0.23044172633163879,49.38766251628598,40.34188250079751,90.82593125058338,11.86266154898737,11.862273642530665,11.941097512464918,11.877763080286023,13.038080763071777,4339.239761679589,84.29811437091558
p1,TP2,sharegpt,1,6,0,34.47272476903163,63.035342130892474,75.39293796511254,0.17405064555239524,64.47491003200412,52.03889304539189,129.459136800142,15.737154606625639,15.730489972740312,15.810086084780885,15.728800944566219,16.420940305106345,5745.193517844503,63.54388865055574
p1,TP2_PP3,sharegpt,1,6,0,43.491409786976874,49.96388966564809,59.758927400377075,0.13795827795392937,80.42364581100021,63.32971097435802,171.52443478116766,19.889280673606777,19.79296021623828,20.340974053882913,19.846413231677843,21.02923988597468,7248.286557985314,50.2783391923775
p1,PP2,sharegpt,1,6,0,56.32371270097792,38.580553301527495,46.14397516367693,0.1065270684809779,104.64636597316712,81.24948898330331,224.9279964307789,25.713462194024043,25.67211037036954,25.97267477118668,25.701214976526664,26.593304465059195,9387.068508328715,38.89013437608592
p1,PP3,sharegpt,1,6,0,58.599781914032064,37.08204926748477,44.3517008956249,0.1023894595512695,120.64441285716991,98.89883804135025,248.04285792633894,26.744755294923877,26.696070310391583,27.093262755719397,26.707248539357852,27.67032254720108,9766.412343655247,37.390508493072616
p1,PP6,sharegpt,1,6,0,68.16275069001131,31.87958200047281,38.12932978335427,0.08802461666030229,153.76926904233792,120.53802207810804,317.7179312973749,31.144537605389623,30.99418276210512,31.7402952396763,31.028514116272728,38.473727107048035,11360.234284036173,32.10835918228396
p1,TP4,sharegpt,8,24,0,21.020834448980168,265.8315022442462,537.5143421363168,1.1417244190876716,128.6842749589899,110.12881097849458,223.15387468552217,24.600792405967344,24.83837708464957,26.68804507891668,24.094075045453305,71.72521235188468,5714.494006329915,40.64909713060433
p1,TP2,sharegpt,8,24,0,29.139678752981126,191.76601250033758,387.7530735936497,0.8236192376535615,186.22550558454046,166.50372155709192,320.003251878079,33.971238217705626,34.31849903482652,36.750040329007305,33.469707897948304,101.99270545970649,7945.61945325889,29.43666620543744
p1,TP2_PP3,sharegpt,8,24,0,30.155276089091785,185.30753900215075,374.69396621068387,0.7958806256355795,206.7486247397028,178.31844044849277,413.66769729414955,34.608605942484836,34.60828059512088,39.44459852622427,34.021559047912255,124.0685689530801,8094.080064014028,28.894547259773326
p1,PP3,sharegpt,8,24,0,44.34926532697864,125.99983243917902,254.7731042824416,0.5411589081138684,282.8475562952614,219.5436500478536,648.2014888629783,50.11340306555521,50.31475578981319,56.091899511649004,49.7465231194744,200.98408504389226,11815.749832826745,19.95474142300539
p1,PP2,sharegpt,8,24,0,48.91556439595297,114.23766788761255,230.98987284576486,0.49064137961751986,340.61227182489046,297.67694149632007,601.241603710223,57.1506770716679,57.81443853765184,62.36728618603488,56.17970988382639,193.7131436925847,13364.941679891976,17.49760547448954
p1,PP6,sharegpt,8,24,0,57.001976093044505,98.03168912738552,198.2211981836666,0.42103803490645175,304.79689277611516,342.76149549987167,542.5244301522616,67.40946612883042,66.06604761962593,101.17241518369077,67.45445551086665,238.034306406042,15942.988162045367,14.834711761235996
p1,TP4,sharegpt,32,96,0,32.57533149793744,620.8071896760422,1299.9100255566436,2.947015289961927,322.63810692650924,135.2561964886263,1022.0885283255483,40.33751454713694,40.056265807437775,94.0322415761849,37.07434057385249,127.46146891033277,8095.50532286327,24.79081845341355
p1,TP2_PP3,sharegpt,32,96,0,46.9658529140288,430.5894334979563,901.6124987128991,2.044038254255244,407.7004494380769,185.89989905012771,1123.1362759601325,58.24948359299761,60.64497074957628,79.84339164104314,54.29076113098266,215.70500726811608,11790.09783780566,17.167534170555527
p1,TP2,sharegpt,32,96,0,47.618960191030055,424.68377971448,889.2466326464746,2.016003701359347,480.5230179905872,196.7073404812254,1473.2071622041985,59.58896860122331,59.703871020500664,134.1565482725855,54.67527602360367,185.729494832926,11943.536356814244,16.781629611549796
p1,PP2,sharegpt,32,96,0,73.02746380097233,276.9232141912443,579.8503439117954,1.314573928811722,671.9508011034728,277.83944056136534,1910.6565207825042,90.54323457310936,92.68011783919991,149.12049194681458,84.06211063491378,327.9390841512941,18296.097683904616,11.044447492016065
p1,PP3,sharegpt,32,96,0,73.20963135210332,276.234146061152,578.4075020995639,1.3113028740478956,663.6564652629507,295.2679835143499,1781.7796759482007,90.17209973939417,93.6609160188108,128.35657459134902,84.2644073743549,345.67298185545957,18330.216123842547,11.089904780858978
p1,PP6,sharegpt,32,96,0,73.74000666395295,274.24733078964863,574.2473036783697,1.3018713225439484,595.3186577789893,335.08004498435184,1651.5504073468037,96.716902120756,102.57020249590211,134.3822778524499,87.88042239999442,377.46128033148125,19019.998466577817,10.339454408407837
